{
  "imagen": "imagenes/temp_foto.png",
  "aruco": {
    "ids": [
      7
    ],
    "reference_id": 7,
    "center_px": {
      "x": 929.9122314453125,
      "y": 49.83186721801758
    },
    "avg_mm_per_px": 0.7246718422446958
  },
  "objetos": [],
  "contenedores": []
}